{
  "fda": 0.03837424859634533,
  "quality_mean": 0.03698593554939668,
  "ocl_sq": 0.0331318559432585,
  "ocl_norm": 0.030967446619797816,
  "ocl": 0.029948029899869087,
  "ofl_rvu_diff": 0.028678445227915565,
  "variability_sum": 0.028172371916834325,
  "gabor_sq": 0.02682538106972919,
  "gabor": 0.0251828372973095,
  "gabor_x_lcs": 0.024688709862418008,
  "gabor_norm": 0.024544674941506396,
  "texture_std": 0.024523521333848622,
  "gabor_x_fda": 0.023524514338156523,
  "gabor_ocl_diff": 0.022804432469541856,
  "ocl_std": 0.02252112699321999,
  "texture_max": 0.022445922216694367,
  "fda_std": 0.02220599171830391,
  "rps": 0.021961033036253328,
  "ofl": 0.021645264543348038,
  "ocl_x_ofl": 0.021455678959711778
}